login,full_name,created_at,stargazers_count,watchers_count,language,has_projects,has_wiki,license_name
emmabostian,emmabostian/developer-portfolios,2019-09-13T14:18:58Z,7353,7353,,true,true,
emilk,emilk/egui,2019-01-13T15:39:15Z,22252,22252,Rust,false,true,Apache License 2.0
mpj,mpj/create-react-app,2016-11-28T16:38:56Z,7,7,JavaScript,true,true,Other
hrydgard,hrydgard/ppsspp-site,2022-10-05T20:05:57Z,58,58,Rust,false,true,
eriklindernoren,eriklindernoren/PyTorch-GAN,2018-04-21T13:06:40Z,16393,16393,Python,true,true,MIT License
spotify,spotify/spotify.github.io,2021-07-28T18:54:12Z,103,103,HTML,false,false,Apache License 2.0
arvidn,arvidn/libtorrent,2015-06-03T05:22:03Z,5236,5236,C++,true,true,Other
aladdinpersson,aladdinpersson/Machine-Learning-Collection,2020-03-26T07:02:40Z,7603,7603,Python,true,true,MIT License
khaosdoctor,khaosdoctor/dotfiles,2017-01-13T21:08:08Z,10,10,Shell,true,true,GNU General Public License v3.0
Mojang,Mojang/minecraft-debugger,2021-04-28T17:45:54Z,57,57,TypeScript,true,true,MIT License
joearms,joearms/joearms.github.io,2017-09-12T14:49:51Z,61,61,HTML,true,true,MIT License
emilbjornson,emilbjornson/presentation_slides,2020-06-27T09:02:50Z,56,56,,true,true,
Dinnerbone,Dinnerbone/web-factoriopedia,2024-10-28T18:17:12Z,7,7,,true,true,MIT License
fornwall,fornwall/wgpu-game-of-life,2023-06-11T08:11:55Z,9,9,Rust,false,false,
victorbjorklund,victorbjorklund/scb_ex,2024-06-28T17:19:35Z,0,0,Elixir,true,true,
wader,wader/jaq,2024-09-23T09:58:48Z,0,0,,true,true,MIT License
bella-silveira,bella-silveira/adventofcode,2020-12-01T10:14:30Z,1,1,JavaScript,true,true,
davidsandberg,davidsandberg/facenet,2016-02-12T22:14:40Z,13796,13796,Python,false,true,MIT License
Nyholm,Nyholm/docs-1,2024-10-09T16:21:36Z,1,1,,true,false,Other
xNotch,xNotch/dark,2014-08-25T20:40:24Z,362,362,Dart,true,true,MIT License
dejwid,dejwid/instagram-clone,2024-10-27T14:32:43Z,11,11,TypeScript,true,true,
ivanpaulovich,ivanpaulovich/dotfiles,2022-07-13T19:13:56Z,3,3,Shell,true,true,MIT License
marcusolsson,marcusolsson/fides,2024-09-18T16:19:19Z,0,0,Python,true,false,Apache License 2.0
EmbarkStudios,EmbarkStudios/cervo,2022-05-10T19:00:40Z,40,40,Rust,true,true,Apache License 2.0
torkelo,torkelo/grafana,2014-05-29T15:33:34Z,112,112,JavaScript,true,true,Other
AhsanAyaz,AhsanAyaz/ng-resource-signal-yt,2024-10-31T08:08:41Z,0,0,TypeScript,true,true,
Grimler91,Grimler91/termux-packages,2017-02-02T15:47:11Z,28,28,Shell,true,false,Other
satansdeer,satansdeer/sound-recommender,2024-05-05T15:02:28Z,0,0,TypeScript,true,true,
marmelroy,marmelroy/PhoneNumberKit,2015-09-26T14:37:36Z,5135,5135,Swift,true,true,MIT License
LinusU,LinusU/node-rs,2022-09-27T16:31:40Z,1,1,,true,true,MIT License
williamboman,williamboman/mason-lspconfig.nvim,2022-07-21T11:57:05Z,2805,2805,Lua,false,false,Apache License 2.0
kushaldas,kushaldas/johnnycanencrypt,2020-07-08T06:16:51Z,51,51,Rust,true,true,GNU Lesser General Public License v3.0
Bogdan-Lyashenko,Bogdan-Lyashenko/fullstack-ai-nextjs,2024-04-07T13:04:15Z,0,0,,true,true,
h3r2tic,h3r2tic/gpu-allocator,2023-07-20T14:40:39Z,0,0,Rust,true,true,Apache License 2.0
rvirding,rvirding/luerl,2012-02-11T18:45:15Z,1044,1044,Erlang,true,true,Apache License 2.0
fu5ha,fu5ha/grayolson.me,2017-01-05T04:03:58Z,1,1,JavaScript,true,true,
leostera,leostera/dotfiles,2013-12-25T20:07:15Z,21,21,Python,true,false,Other
glrodasz,glrodasz/contentr,2023-08-12T14:06:13Z,2,2,JavaScript,true,true,
schteppe,schteppe/poly-decomp.js,2013-10-12T09:31:41Z,434,434,JavaScript,true,true,MIT License
ewels,ewels/nf-core-website,2018-04-18T20:11:00Z,0,0,Astro,true,true,MIT License
repi,repi/dotfiles,2023-04-25T21:57:26Z,0,0,Nushell,true,true,
tulios,tulios/mappersmith,2014-12-12T04:09:18Z,335,335,TypeScript,true,true,MIT License
isveckrali,isveckrali/udemigVoice,2024-10-24T14:32:02Z,0,0,JavaScript,true,true,
tadeuzagallo,tadeuzagallo/WebKit,2023-01-12T18:56:42Z,1,1,JavaScript,true,true,
javve,javve/list.js,2011-01-30T12:29:56Z,11199,11199,JavaScript,false,false,MIT License
thmsgbrt,thmsgbrt/thmsgbrt,2020-07-12T21:50:01Z,464,464,Mustache,true,true,
JoelBesada,JoelBesada/pasteboard,2012-06-16T21:04:59Z,637,637,CoffeeScript,true,true,
danielsaidi,danielsaidi/website_wally,2016-12-22T22:23:29Z,0,0,HTML,true,true,
johannilsson,johannilsson/www-sthlmtraveling,2015-04-26T13:24:36Z,0,0,HTML,true,false,
spydon,spydon/pubspec_parse,2024-10-27T13:25:52Z,0,0,,true,false,"BSD 3-Clause ""New"" or ""Revised"" License"
pontusab,pontusab/cursor.directory,2024-08-24T12:44:44Z,1559,1559,TypeScript,true,true,
EmmaDawsonDev,EmmaDawsonDev/deals-for-devs,2024-06-14T08:24:05Z,0,0,TypeScript,true,true,
veggiemonk,veggiemonk/awesome-docker,2014-09-21T17:01:48Z,30285,30285,,false,false,Apache License 2.0
aboullaite,aboullaite/aboullaite,2020-07-09T14:23:13Z,0,0,,true,true,
svmiller,svmiller/svmiller.github.io,2015-08-16T16:57:18Z,24,24,HTML,true,true,
lydell,lydell/elm-watch,2021-05-17T10:28:05Z,155,155,TypeScript,false,false,MIT License
sebh,sebh/UnrealEngineSkyAtmosphere,2020-06-02T20:05:37Z,710,710,C++,true,true,MIT License
slicedlime,slicedlime/examples,2020-07-06T22:21:21Z,186,186,mcfunction,true,false,
pmmmwh,pmmmwh/react-refresh-webpack-plugin,2019-09-12T21:27:04Z,3143,3143,JavaScript,false,false,MIT License
mattiasgustavsson,mattiasgustavsson/libs,2015-11-15T09:44:06Z,1673,1673,C,true,true,
rogeralsing,rogeralsing/PlasticLang,2015-07-11T12:25:49Z,3,3,C#,true,true,Apache License 2.0
korthaj,korthaj/korthaj.github.io,2015-02-25T18:07:37Z,16,16,HTML,true,false,
ivan-liljeqvist,ivan-liljeqvist/moralis-demo-app,2024-05-04T09:08:40Z,0,0,,true,false,
shoghicp,shoghicp/slack-client,2022-10-04T08:20:11Z,1,1,PHP,true,false,MIT License
kaishin,kaishin/swift-org-website,2022-09-02T08:49:58Z,0,0,SCSS,true,false,Other
Habrador,Habrador/Habrador,2022-01-25T09:12:11Z,2,2,,true,true,
darius-khll,darius-khll/AspNetCoreMigration,2020-05-25T18:11:20Z,1,1,C#,true,true,
a7ul,a7ul/react-native-exception-handler,2017-04-21T01:27:10Z,1583,1583,Objective-C,true,true,MIT License
foolip,foolip/day-to-day,2017-09-24T19:27:37Z,11,11,JavaScript,true,true,
fregu856,fregu856/papers,2018-09-20T06:44:49Z,401,401,,true,true,
Lauszus,Lauszus/clang-format-wheel,2024-09-11T11:07:06Z,0,0,,true,false,Apache License 2.0
dbarrosop,dbarrosop/terraform-provider-stripe,2024-10-04T08:01:32Z,0,0,,true,false,Mozilla Public License 2.0
iamstarkov,iamstarkov/renovate-allowed-versions-confusion,2023-08-08T09:31:50Z,0,0,,true,true,
NicolasPetton,NicolasPetton/dreamedaway.com,2022-11-19T09:51:43Z,3,3,Makefile,true,true,GNU Affero General Public License v3.0
vlidholt,vlidholt/serverpod_docs,2024-01-15T14:08:51Z,1,1,MDX,true,true,
alexdrone,alexdrone/Store,2017-03-21T17:46:10Z,503,503,Swift,true,true,
Kin-Zhang,Kin-Zhang/mmfn,2022-03-06T16:18:51Z,93,93,Python,false,false,MIT License
britzl,britzl/defold-orthographic,2017-06-28T20:50:50Z,164,164,Lua,true,true,MIT License
carolinan,carolinan/wordpress-develop,2021-05-03T07:40:38Z,2,2,PHP,true,false,
peterhellberg,peterhellberg/dotfiles,2009-11-26T13:19:14Z,11,11,Vim Script,true,true,
sagatowski,sagatowski/sagatowski,2022-11-19T20:03:16Z,11,11,,true,true,
quarnster,quarnster/Cura,2023-10-21T10:16:20Z,0,0,Python,true,true,GNU Lesser General Public License v3.0
isabellaalstrom,isabellaalstrom/lovelace-grocy-chores-card,2019-07-07T16:03:22Z,132,132,JavaScript,true,true,
LeuisKen,LeuisKen/webf,2024-07-01T11:58:46Z,0,0,Dart,true,true,Apache License 2.0
carlthome,carlthome/dotfiles,2021-08-08T15:30:30Z,12,12,Nix,false,false,GNU Affero General Public License v3.0
sebbekarlsson,sebbekarlsson/plicit,2024-08-02T14:14:01Z,2,2,TypeScript,true,false,
Rugvip,Rugvip/lerna-publish-experiment,2020-03-24T12:42:45Z,0,0,JavaScript,true,true,MIT License
heyman,heyman/heynote,2022-12-28T11:49:43Z,3997,3997,JavaScript,true,true,Other
ubuwaits,ubuwaits/beautiful-web-type,2012-01-12T05:23:14Z,7266,7266,HTML,false,false,MIT License
DanielRapp,DanielRapp/cat-filter,2021-09-19T13:33:08Z,11,11,JavaScript,true,true,
nevyn,nevyn/Wildwood,2024-09-07T08:46:23Z,0,0,C#,true,true,
erlang,erlang/erlang-org,2016-12-05T14:20:52Z,74,74,HTML,true,true,Apache License 2.0
haf,haf/expecto,2016-10-22T11:49:30Z,672,672,F#,true,true,Apache License 2.0
PEZ,PEZ/replicant,2024-08-16T18:36:48Z,0,0,Clojure,true,true,
stuffmatic,stuffmatic/zephyr-ble-midi,2023-01-16T10:15:21Z,4,4,C,true,true,MIT License
ardacetinkaya,ardacetinkaya/Hello.AI.World,2024-08-08T19:06:37Z,3,3,C#,true,true,
pirelenito,pirelenito/lumine,2017-11-18T21:34:56Z,8,8,TypeScript,false,false,
MaikKlein,MaikKlein/unreal-rust,2021-12-27T15:16:00Z,2100,2100,Rust,true,true,Apache License 2.0
icyJoseph,icyJoseph/advent-of-code,2019-12-02T11:01:37Z,3,3,TypeScript,true,true,
pardeike,pardeike/Harmony,2017-01-04T09:43:16Z,5274,5274,C#,true,true,MIT License
pomle,pomle/shapes,2022-01-28T09:03:43Z,0,0,TypeScript,true,false,MIT License
rarkins,rarkins/unkey,2024-10-30T17:07:30Z,0,0,,true,true,Other
astrit,astrit/css-deploy,2024-08-16T22:38:44Z,0,0,,true,true,
filipmartinsson,filipmartinsson/telegram-copytrade-bot,2024-06-20T08:23:45Z,4,4,JavaScript,true,true,
Marwes,Marwes/qmk_firmware,2024-08-11T16:40:20Z,0,0,,true,false,GNU General Public License v2.0
arirawr,arirawr/ariv.se,2015-05-02T18:03:44Z,0,0,HTML,true,true,
boredabdel,boredabdel/developers-conferences-agenda,2023-08-14T19:43:36Z,0,0,JavaScript,true,true,
felixjones,felixjones/felixjones.co.uk,2022-07-23T20:44:17Z,2,2,HTML,true,true,
CarlGroth,CarlGroth/better-timers,2024-10-20T19:15:37Z,0,0,,true,true,"BSD 2-Clause ""Simplified"" License"
garazdawi,garazdawi/otp,2010-08-17T15:09:26Z,12,12,Erlang,false,false,Apache License 2.0
monperrus,monperrus/canvaslms,2024-10-30T08:15:29Z,0,0,,true,true,MIT License
FredrikNoren,FredrikNoren/ungit,2013-05-19T10:44:44Z,10450,10450,JavaScript,true,true,MIT License
dfahlander,dfahlander/TypeScript,2015-04-24T07:49:01Z,0,0,TypeScript,true,true,Apache License 2.0
themaxsandelin,themaxsandelin/sudoku-react,2024-10-26T12:03:30Z,0,0,TypeScript,true,true,
plajjan,plajjan/draft-kll-yang-label-tsdb,2023-10-17T21:47:05Z,0,0,Makefile,true,true,Other
ranisalt,ranisalt/tibiapak,2024-10-03T21:30:12Z,1,1,,false,false,Creative Commons Zero v1.0 Universal
DMarby,DMarby/humblebundle-ebook-downloader,2014-11-29T21:56:26Z,230,230,JavaScript,false,false,The Unlicense
bjorng,bjorng/otp,2009-11-25T16:02:48Z,6,6,Erlang,true,true,Apache License 2.0
ilkermanap,ilkermanap/storagetest,2024-10-30T12:16:11Z,0,0,Python,true,true,GNU General Public License v3.0
udoprog,udoprog/jpv,2023-04-24T20:33:51Z,7,7,Rust,true,true,Apache License 2.0
kvakvs,kvakvs/aeternity,2024-09-11T01:38:37Z,0,0,,true,true,ISC License
mostafa,mostafa/logto,2024-06-22T16:30:11Z,0,0,TypeScript,true,false,Mozilla Public License 2.0
samuelkraft,samuelkraft/samuelkraft-next,2021-01-04T08:39:52Z,462,462,MDX,true,true,MIT License
johanandren,johanandren/sbt-akka-version-check,2019-11-13T14:25:08Z,10,10,Scala,true,true,Apache License 2.0
philpax,philpax/philpax.github.io,2021-10-07T01:41:46Z,0,0,HTML,true,true,
hex2f,hex2f/site,2024-08-12T19:59:56Z,0,0,TypeScript,true,true,
Vintharas,Vintharas/dotfiles,2019-03-13T06:56:32Z,1,1,Shell,true,true,
K-Phoen,K-Phoen/dashboard-linter,2024-01-17T11:22:05Z,0,0,Go,true,true,Apache License 2.0
beiciliang,beiciliang/beiciliang.github.io,2019-12-03T15:40:58Z,1,1,SCSS,true,false,MIT License
Ezzpify,Ezzpify/qmk_firmware,2024-07-27T09:39:23Z,0,0,,true,true,GNU General Public License v2.0
pakerfeldt,pakerfeldt/node-red-contrib-fermentation-controller,2024-09-15T12:16:43Z,0,0,JavaScript,true,true,MIT License
NickolajA,NickolajA/ConfigMgrPrerequisitesTool,2017-05-22T22:57:39Z,29,29,C#,true,false,
Speedi13,Speedi13/ROP-COMPILER,2019-08-18T14:48:36Z,555,555,C++,true,true,
northvolt,northvolt/oapi-codegen,2024-09-27T07:18:45Z,0,0,Go,true,true,Apache License 2.0
soulgalore,soulgalore/webpagereplay-builder,2018-02-14T21:27:56Z,1,1,Go,true,true,Other
benjdlambert,benjdlambert/artwork,2023-10-04T16:59:59Z,0,0,,true,false,Other
khromov,khromov/hydration-markers-sveltekit-repro,2024-10-31T16:30:41Z,0,0,Svelte,true,true,
hraberg,hraberg/enumerable,2010-03-30T21:22:31Z,59,59,Java,true,true,
mehdy,mehdy/keepalived-exporter,2020-01-25T15:21:06Z,123,123,Go,true,true,GNU General Public License v3.0
koreyspace,koreyspace/generative-ai-for-beginners,2023-10-27T13:36:40Z,2,2,Jupyter Notebook,true,false,MIT License
magiconair,magiconair/supervisord,2024-10-30T06:38:56Z,0,0,Go,true,true,MIT License
ftrvxmtrx,ftrvxmtrx/scare,2023-09-12T14:19:36Z,0,0,Python,true,true,GNU General Public License v2.0
diogotcorreia,diogotcorreia/dotfiles,2021-01-23T22:24:23Z,17,17,Nix,false,false,The Unlicense
kaaes,kaaes/albums-availability,2015-01-11T23:48:55Z,87,87,JavaScript,true,true,MIT License
frozzare,frozzare/dotfiles,2015-02-21T20:17:22Z,4,4,Shell,true,false,MIT License
rollbear,rollbear/ci_compilers,2022-09-24T16:35:07Z,2,2,Shell,true,true,Boost Software License 1.0
andoma,andoma/mios,2019-02-02T16:24:21Z,3,3,C,true,true,MIT License
oeway,oeway/hypha-rpc,2024-07-18T21:50:48Z,3,3,Python,true,true,MIT License
wictorwilen,wictorwilen/config,2024-08-18T20:39:56Z,0,0,,true,true,MIT License
NamitaMalik,NamitaMalik/reactive-forms-with-observables,2024-02-23T21:44:29Z,0,0,TypeScript,true,true,
ChocoChipset,ChocoChipset/astra,2024-05-14T07:50:06Z,0,0,,true,false,MIT License
rehrumesh,rehrumesh/type-transformations-workshop,2024-01-02T20:28:51Z,0,0,,true,true,
samuell,samuell/SKESA,2024-10-11T03:40:32Z,0,0,,true,true,Other
maxulysse,maxulysse/nf-core_riboseq,2023-12-06T15:30:21Z,0,0,,true,false,MIT License
bluecmd,bluecmd/huawei-hdx-to-html,2024-10-16T12:48:09Z,0,0,Python,true,true,
Ali-Razmjoo,Ali-Razmjoo/keycloak,2024-08-24T12:13:37Z,0,0,,true,false,Apache License 2.0
stakater,stakater/publications,2024-10-18T09:45:23Z,0,0,,true,true,
kabirbaidhya,kabirbaidhya/keycode-js,2016-04-04T17:08:47Z,112,112,TypeScript,false,false,MIT License
marcusoftnet,marcusoftnet/dotfiles,2017-05-10T12:15:32Z,3,3,Shell,true,false,MIT License
JensRantil,JensRantil/jensrantil.github.io,2013-05-14T20:55:55Z,2,2,Shell,true,false,
hamidreza-s,hamidreza-s/hamidreza-s.github.io,2013-12-16T14:15:07Z,1,1,CSS,true,true,
royshouvik,royshouvik/student0,2023-07-24T07:23:20Z,0,0,,true,true,
Kimtaro,Kimtaro/ve,2011-01-07T09:10:14Z,216,216,Ruby,true,true,MIT License
camiloribeiro,camiloribeiro/dotfiles,2016-08-25T12:08:50Z,0,0,Vim script,true,true,
jmpas,jmpas/29k,2023-06-12T07:53:10Z,0,0,,true,false,Creative Commons Zero v1.0 Universal
kopiro,kopiro/rome-coding-course,2024-10-07T08:03:08Z,0,0,HTML,true,true,
wille,wille/cookie-session,2024-10-24T19:32:53Z,0,0,JavaScript,true,false,MIT License
thelinmichael,thelinmichael/spotify-web-api-node,2014-05-26T22:36:35Z,3110,3110,JavaScript,true,true,MIT License
simeg,simeg/mmini,2020-07-09T06:41:14Z,1,1,Ruby,false,false,MIT License
happi,happi/theBeamBook,2017-03-23T18:25:31Z,3117,3117,Erlang,true,true,Creative Commons Attribution 4.0 International
kesla,kesla/io.js,2015-07-04T19:34:39Z,0,0,JavaScript,true,true,Other
renatoathaydes,renatoathaydes/dartle,2019-09-06T22:05:09Z,14,14,Dart,true,true,Apache License 2.0
anderseknert,anderseknert/anderseknert.github.io,2019-11-10T19:59:43Z,0,0,HTML,true,true,Apache License 2.0
iKenndac,iKenndac/Recap,2024-10-20T15:58:17Z,0,0,Swift,true,true,MIT License
Wumpf,Wumpf/rerun,2024-08-16T11:02:54Z,0,0,,true,false,Apache License 2.0
fabianperez,fabianperez/buildpack-sentry-sourcemaps,2022-01-18T14:20:19Z,0,0,,true,true,MIT License
Nilsen84,Nilsen84/vulkan-snake,2024-05-10T14:23:27Z,1,1,C++,true,true,
eliassjogreen,eliassjogreen/eliassjogreen,2020-07-30T13:08:38Z,2,2,,true,true,MIT License
AhmedAbdulrahman,AhmedAbdulrahman/dev-finder,2024-03-20T12:13:42Z,0,0,,true,true,MIT License
5monkeys,5monkeys/djedi-cms,2013-09-17T12:01:41Z,83,83,CSS,true,true,"BSD 3-Clause ""New"" or ""Revised"" License"
bhassani,bhassani/ChatGPTsnippets,2023-11-29T10:19:48Z,0,0,C,true,true,
ledongthuc,ledongthuc/monorepolabeling,2024-09-04T02:43:10Z,0,0,JavaScript,true,true,
postmodernistx,postmodernistx/configs,2021-09-19T15:27:15Z,11,11,JavaScript,true,true,
elitan,elitan/cf-vite-test,2024-10-12T18:16:25Z,0,0,TypeScript,true,true,
zth,zth/rescript-relay,2019-07-24T07:12:07Z,339,339,ReScript,true,true,
bicycle1885,bicycle1885/Zarr.jl,2024-08-21T22:27:35Z,0,0,,true,true,Other
Temaran,Temaran/UnrealEngineShaderPluginDemo,2015-02-08T09:56:02Z,898,898,C++,true,true,MIT License
tonythomas01,tonythomas01/advent-of-code-2023,2023-12-28T16:06:17Z,0,0,Python,true,true,
dflemstr,dflemstr/Positron,2024-09-06T14:39:58Z,0,0,,true,false,
bergquist,bergquist/grafana,2014-01-20T08:49:55Z,2,2,TypeScript,true,true,GNU Affero General Public License v3.0
richtr,richtr/NoSleep.js,2015-04-21T08:10:40Z,2232,2232,JavaScript,false,false,MIT License
seriyps,seriyps/epgsql,2014-03-12T20:27:00Z,1,1,Erlang,true,true,"BSD 3-Clause ""New"" or ""Revised"" License"
hsjoberg,hsjoberg/blixt-wallet,2019-07-19T09:20:57Z,387,387,TypeScript,true,false,MIT License
lastguest,lastguest/ESO-InkTracker,2024-07-08T09:44:56Z,0,0,Lua,true,true,MIT License
luna-duclos,luna-duclos/tla-waitlist,2022-12-17T20:07:09Z,1,1,JavaScript,true,true,MIT License
rasmusbrandt,rasmusbrandt/webrtc-pc,2020-03-02T10:06:56Z,0,0,HTML,true,true,Other
Jiwan,Jiwan/dense_hash_map,2019-11-09T22:32:15Z,45,45,C++,true,true,MIT License
psyeugenic,psyeugenic/dsl,2021-02-19T09:49:49Z,0,0,,true,true,Apache License 2.0
henninghall,henninghall/react-native,2024-10-08T09:46:20Z,0,0,,true,true,MIT License
myshov,myshov/mapgl-gltf,2023-06-30T12:19:51Z,0,0,,true,true,"BSD 2-Clause ""Simplified"" License"
jto,jto/beam,2018-10-24T13:08:13Z,0,0,Java,true,false,Other
ranveeraggarwal,ranveeraggarwal/aoc-2023,2023-12-03T14:42:32Z,0,0,Python,true,true,
robertoaloi,robertoaloi/eep,2019-10-28T10:55:16Z,0,0,Perl,true,true,
simonlindholm,simonlindholm/decomp-permuter,2019-02-26T22:33:20Z,124,124,Python,true,true,MIT License
zegl,zegl/kube-score,2018-09-16T13:19:19Z,2771,2771,Go,false,false,MIT License
jacksonfdam,jacksonfdam/Animite,2024-06-25T06:09:15Z,0,0,,true,true,Apache License 2.0
pliden,pliden/patchkeeper,2018-09-29T09:03:17Z,0,0,C++,false,false,
supercurio,supercurio/ollama,2024-07-13T20:00:21Z,0,0,Go,true,false,MIT License
blommegard,blommegard/furulidbygg,2024-01-19T15:43:20Z,0,0,HTML,true,true,
andras-nemes,andras-nemes/aib-hmwrk-upd,2024-10-31T08:49:50Z,0,0,Vue,true,true,Other
niklasfrykholm,niklasfrykholm/nflibs,2015-02-20T21:17:05Z,135,135,C,true,true,
Eyevinn,Eyevinn/orchestration-gui,2024-08-21T14:39:23Z,0,0,TypeScript,true,false,Apache License 2.0
72lions,72lions/72lions,2020-07-28T10:05:52Z,0,0,,true,true,
jkotlinski,jkotlinski/lsdpatch,2015-03-14T11:27:00Z,173,173,Java,true,false,Other
Jake-Shadle,Jake-Shadle/xdp,2024-10-23T08:21:24Z,0,0,Rust,true,true,
daniel-lundin,daniel-lundin/kuta,2016-12-10T22:15:28Z,12,12,JavaScript,true,true,
elk-audio,elk-audio/twine,2019-12-06T14:41:10Z,5,5,C++,true,true,GNU General Public License v3.0
mropert,mropert/enigma,2022-08-26T07:37:27Z,5,5,C++,true,true,
nadam,nadam/userinfobot,2016-05-07T21:24:36Z,323,323,Java,true,true,Apache License 2.0
arthurdenner,arthurdenner/react-semantic-ui-datepickers,2018-04-06T20:53:28Z,95,95,TypeScript,true,true,MIT License
ezeoleaf,ezeoleaf/ezeoleaf,2020-12-19T13:00:40Z,1,1,,true,true,
ptz0n,ptz0n/ptz0n.github.io,2012-07-22T00:38:53Z,7,7,Makefile,false,false,
Nevon,Nevon/pamac,2024-09-30T12:14:04Z,0,0,,true,false,GNU General Public License v3.0
pythops,pythops/tmux-linux-binary,2021-01-15T20:50:52Z,18,18,Dockerfile,false,false,
algomaster99,algomaster99/tbd-devops-snyk,2024-10-30T10:05:02Z,0,0,,true,true,
GeneKao,GeneKao/geneatcg,2019-06-30T14:00:37Z,1,1,CSS,true,true,MIT License
charliejeppsson,charliejeppsson/swapi-searcher,2019-11-18T20:14:37Z,0,0,Ruby,true,true,
op,op/ClickHouse,2024-10-24T12:57:35Z,0,0,,true,true,Apache License 2.0
freben,freben/platt-policy-template,2024-10-02T13:24:07Z,0,0,,true,true,Apache License 2.0
zimme,zimme/meteor-collection-softremovable,2014-11-11T01:33:54Z,29,29,CoffeeScript,true,true,MIT License
renard314,renard314/lottie-android,2022-04-06T13:00:14Z,0,0,,true,false,Apache License 2.0
hussius,hussius/deeplearning-biology,2016-06-01T20:44:31Z,2013,2013,,true,true,
andreineculau,andreineculau/cv,2013-05-05T09:27:02Z,2,2,HTML,true,false,
possan,possan/teleguide,2024-09-21T10:06:20Z,1,1,Python,true,true,
AndersAbel,AndersAbel/AspNetCoreAuth,2024-06-05T10:02:53Z,5,5,C#,true,true,MIT License
maciekish,maciekish/lcdgfx,2023-12-04T12:01:11Z,0,0,C++,true,true,MIT License
Monereum,Monereum/Monereum,2019-08-23T08:13:31Z,29,29,Go,true,true,GNU Lesser General Public License v3.0
ssheikholeslami,ssheikholeslami/dnn-weight-initialization-from-hp-tuning,2024-09-27T11:40:04Z,0,0,,true,true,
dvdplm,dvdplm/synedrion,2024-05-22T11:23:10Z,0,0,,true,true,GNU Affero General Public License v3.0
lindell,lindell/aoc-loader,2017-12-05T11:39:48Z,3,3,TypeScript,false,false,
jiwidi,jiwidi/jiwidi.github.io_oldv2,2021-04-19T09:27:41Z,0,0,JavaScript,true,true,
mayojava,mayojava/Real-Estate-DAPP,2020-04-14T06:10:07Z,0,0,JavaScript,true,true,
camilaibs,camilaibs/backstage-latest,2024-06-28T13:09:04Z,0,0,TypeScript,true,false,
etnt,etnt/mfl,2024-10-25T09:09:19Z,1,1,Python,true,true,Mozilla Public License 2.0
birkjernstrom,birkjernstrom/nixos-config,2024-06-08T18:43:00Z,0,0,Lua,true,false,
FabrizioBrancati,FabrizioBrancati/Queuer,2017-07-20T13:57:48Z,1087,1087,Swift,false,false,MIT License
gdomiciano,gdomiciano/todo-app,2016-09-17T17:22:42Z,0,0,Vue,true,true,
JCash,JCash/csharpextension,2023-12-18T08:43:26Z,0,0,Shell,true,true,
mahmudalhakim,mahmudalhakim/BubblePOP,2024-05-31T07:29:37Z,0,0,,true,true,
daniellee,daniellee/agones,2024-03-28T18:34:13Z,0,0,,true,false,Apache License 2.0
davidsjoberg,davidsjoberg/ggsankey,2021-03-25T21:11:10Z,267,267,R,true,true,Other
jishi,jishi/jishi,2021-02-04T10:55:57Z,1,1,,true,true,
pocketjoso,pocketjoso/penthouse,2014-06-04T07:48:18Z,2638,2638,HTML,true,true,MIT License
mhagander,mhagander/bgw_replstatus,2017-02-26T14:33:27Z,35,35,C,true,true,Other
IuryAlves,IuryAlves/annyang,2013-09-15T21:09:46Z,1,1,JavaScript,true,true,MIT License
alvarlagerlof,alvarlagerlof/portfolio,2020-10-06T21:26:07Z,20,20,TypeScript,true,true,MIT License
Kerem1989,Kerem1989/group-4-recipe-react,2024-09-25T09:45:21Z,0,0,JavaScript,true,true,
KTH-RPL,KTH-RPL/DeFlow,2023-09-04T17:08:37Z,99,99,Python,false,false,"BSD 3-Clause ""New"" or ""Revised"" License"
bergmark,bergmark/rustfmt-check,2022-11-10T10:23:26Z,0,0,TypeScript,true,false,MIT License
csharpschool,csharpschool/eShop-Newton,2024-01-08T11:16:41Z,0,0,C#,true,true,
superdump,superdump/bevy,2020-09-28T15:01:58Z,0,0,,true,false,MIT License
OskarSigvardsson,OskarSigvardsson/hell-yeah,2024-06-06T18:01:49Z,2,2,C,true,true,
mollstam,mollstam/terraform-provider-proxmox,2024-04-03T09:24:35Z,0,0,Go,false,false,MIT License
matinzd,matinzd/react-native-health-connect,2023-01-07T02:59:05Z,223,223,Kotlin,true,true,MIT License
felixmulder,felixmulder/flytekit,2024-10-01T08:48:21Z,0,0,,true,false,Apache License 2.0
mptre,mptre/knfmt,2021-04-15T12:20:58Z,24,24,C,true,true,ISC License
xaviervia,xaviervia/micro-snapshots,2021-09-12T13:40:13Z,0,0,TypeScript,false,false,
iconara,iconara/dbt-athena,2024-07-04T08:18:27Z,0,0,,true,true,Apache License 2.0
cyberw,cyberw/secure-python-package-template,2023-08-29T19:49:58Z,0,0,,true,false,The Unlicense
erkie,erkie/cowl,2009-09-27T13:47:34Z,13,13,JavaScript,true,true,
daniguerrato,daniguerrato/css-print,2014-02-20T00:01:52Z,28,28,CSS,true,true,
lefant,lefant/vocode-python,2023-04-24T12:25:13Z,0,0,Python,true,true,MIT License
SamLarenN,SamLarenN/dotfiles,2023-12-12T22:03:40Z,0,0,Lua,true,true,
hfreire,hfreire/github-handyman,2019-05-11T15:32:52Z,3,3,JavaScript,false,false,MIT License
EmilPoulsen,EmilPoulsen/Emu.Resources,2018-12-24T01:12:21Z,18,18,,true,true,MIT License
ffdead,ffdead/next-platform-starter,2024-09-03T07:21:20Z,0,0,JavaScript,true,true,
perclasson,perclasson/flutter_code,2020-03-25T13:29:15Z,9,9,Dart,true,true,GNU General Public License v3.0
klacke,klacke/quic,2022-10-19T12:26:00Z,0,0,Erlang,true,true,Apache License 2.0
kolmodin,kolmodin/MicroHs,2024-10-02T04:50:15Z,0,0,,true,true,Other
TheMolkaPL,TheMolkaPL/odengymnasiet.se,2017-11-11T22:03:04Z,1,1,Java,false,false,Apache License 2.0
Hjdskes,Hjdskes/system,2022-12-23T22:41:19Z,2,2,Nix,false,false,MIT License
simonduq,simonduq/contiki-ng,2017-10-27T14:27:42Z,1,1,C,true,true,"BSD 3-Clause ""New"" or ""Revised"" License"
panoply,panoply/fauna-vscode,2023-12-08T19:25:55Z,0,0,TypeScript,true,true,Other
vlaaad,vlaaad/vlaaad.github.io,2019-03-29T16:53:16Z,2,2,JavaScript,true,true,
hkupty,hkupty/penna,2023-02-15T13:29:35Z,48,48,Java,true,true,MIT License
miyconst,miyconst/WelcomeToTroodon,2024-08-24T19:47:07Z,0,0,Shell,true,true,The Unlicense
marcelm,marcelm/dnaio,2018-06-25T13:17:58Z,61,61,Python,true,true,MIT License
willu47,willu47/OSeMBE_ECEMF,2022-03-17T14:25:04Z,0,0,,true,true,
codechips,codechips/vastai-fooocus,2024-03-13T19:11:59Z,1,1,Shell,true,true,
freider,freider/synchronicity,2024-10-27T14:33:39Z,0,0,,true,false,Apache License 2.0
tobiassjosten,tobiassjosten/csvmerge,2024-10-08T13:36:56Z,0,0,Go,true,true,
helioloureiro,helioloureiro/SecLists,2020-09-23T12:59:52Z,0,0,PHP,true,true,MIT License
keeto,keeto/expectacle,2013-11-28T16:17:52Z,6,6,JavaScript,true,true,
albinekb,albinekb/skumpa-bitcoin,2017-12-07T00:28:18Z,2,2,JavaScript,true,true,
linus,linus/testy,2022-12-08T20:21:01Z,9,9,JavaScript,true,true,ISC License
juleZZZ,juleZZZ/ExoPlayer,2015-07-02T12:27:37Z,0,0,Java,true,false,Apache License 2.0
jfacorro,jfacorro/Eden,2015-06-06T17:11:07Z,38,38,Elixir,true,true,Other
emiloberg,emiloberg/benchmark-cache-libraries,2024-03-27T11:59:06Z,0,0,JavaScript,true,true,
williamhogman,williamhogman/hacs_waste_collection_schedule,2024-05-23T19:28:47Z,0,0,,true,false,MIT License
nicktoumpelis,nicktoumpelis/Blot,2023-02-01T20:25:17Z,0,0,,true,false,Creative Commons Zero v1.0 Universal
zydeco,zydeco/zydeco.github.io,2016-05-15T11:34:18Z,1,1,CSS,true,true,Other
MansMeg,MansMeg/BSDA,2022-05-30T15:11:19Z,12,12,TeX,true,true,MIT License
Olivia5k,Olivia5k/trans-hub,2023-04-16T10:19:02Z,0,0,HTML,true,false,Apache License 2.0
nordcloud,nordcloud/mca-cli,2020-07-24T07:16:34Z,4,4,TypeScript,true,false,MIT License
ashwinvis,ashwinvis/scicomp-docs,2024-10-28T11:54:58Z,0,0,,true,true,Other
Mange,Mange/dotfiles,2008-07-31T19:35:48Z,34,34,Lua,true,true,
MrAlek,MrAlek/BomberTV,2015-11-04T14:29:58Z,2,2,Swift,true,true,
mansmahamat,mansmahamat/al-noor-swift,2024-04-26T22:33:55Z,0,0,Swift,true,true,
meadsteve,meadsteve/meadsteve.github.io,2013-08-30T14:38:43Z,3,3,HTML,true,true,The Unlicense
kbladin,kbladin/kbladin.github.io,2023-02-14T22:14:05Z,0,0,,true,true,
dorukgezici,dorukgezici/astro-decap-cms-oauth,2023-08-27T20:34:09Z,44,44,TypeScript,true,true,MIT License
zmstone,zmstone/emqx,2020-10-30T10:42:34Z,2,2,Erlang,true,true,Other
fesplugas,fesplugas/nix-darwin,2023-10-16T21:28:01Z,0,0,,true,true,MIT License
HaraldNordgren,HaraldNordgren/testify,2018-03-24T19:17:37Z,0,0,Go,true,true,MIT License
Technigo,Technigo/Web-Fall-2024,2024-08-21T08:59:27Z,3,3,JavaScript,true,true,
phaller,phaller/DockerScala,2024-10-25T12:33:39Z,0,0,,true,true,MIT License
bombsimon,bombsimon/cron,2024-05-31T12:34:23Z,0,0,,true,true,Apache License 2.0
teoljungberg,teoljungberg/fx,2016-06-20T11:54:45Z,749,749,Ruby,false,false,MIT License
maandree,maandree/makel,2021-12-31T22:21:36Z,12,12,C,false,false,ISC License
GoranAviani,GoranAviani/djangoGraphene,2022-11-14T19:14:13Z,0,0,Python,true,true,
Victorystick,Victorystick/fullstack-take-home-assignment,2024-04-22T12:56:56Z,0,0,JavaScript,true,true,MIT License
INCF,INCF/artem-is,2021-06-23T13:45:36Z,13,13,Python,true,true,Creative Commons Attribution 4.0 International
xlson,xlson/groovycsv,2010-07-02T21:36:27Z,139,139,Groovy,true,true,Other
emlun,emlun/syncthing,2022-06-30T11:59:40Z,0,0,,true,true,Mozilla Public License 2.0
cheerfulstoic,cheerfulstoic/assertions,2024-10-22T13:13:28Z,1,1,,true,true,MIT License
AGulev,AGulev/AGulev,2021-04-17T15:55:40Z,0,0,,true,true,
krlvi,krlvi/zmk-config,2024-07-10T18:48:24Z,0,0,,true,true,
fluffybeing,fluffybeing/rahul.bio,2024-07-17T23:48:45Z,0,0,TypeScript,true,true,
amir-rahnama,amir-rahnama/the_app-,2024-08-16T09:17:08Z,0,0,Python,true,true,
liufuyang,liufuyang/liufuyang,2020-10-27T15:22:33Z,0,0,,true,true,
dalen,dalen/killboard,2022-01-08T00:14:27Z,1,1,TypeScript,true,true,
saltsthlm,saltsthlm/kada-jsfs-sthlm-2024-09-27-lab-jsfs-lab-mobster,2024-10-31T09:15:19Z,0,0,TypeScript,true,true,
enceladosaurus,enceladosaurus/ethics-resources,2022-01-26T12:05:55Z,35,35,,true,true,
episerver,episerver/content-headless-form-js-sdk,2023-09-13T07:28:33Z,0,0,TypeScript,true,true,
dc0d,dc0d/IronswornCompanionBot,2022-12-03T21:40:55Z,0,0,Go,true,true,MIT License
MoIbrahim15,MoIbrahim15/Android-Kotlin-MVI-CleanArchitecture,2020-02-25T22:59:19Z,380,380,Kotlin,true,true,MIT License
kallepersson,kallepersson/DistractionFree,2018-02-10T16:42:06Z,17,17,JavaScript,true,true,
zarinfam,zarinfam/employee-chatbot,2024-08-19T08:40:23Z,1,1,Java,true,false,
ln5,ln5/rspamd,2023-09-07T06:05:59Z,0,0,,true,true,Other
ugurcanlacin,ugurcanlacin/trustly-client-java,2024-01-12T12:53:26Z,0,0,,true,false,MIT License
emilolsson,emilolsson/hydrogen-remix,2024-01-04T21:38:59Z,0,0,TypeScript,true,true,
azr,azr/dotfiles,2022-02-01T13:04:31Z,0,0,Shell,true,true,
jamesmcm,jamesmcm/snake_rust_esp32,2024-10-26T19:25:02Z,0,0,Rust,true,true,Apache License 2.0
dainnilsson,dainnilsson/flutter-3.24-mac,2024-08-15T08:04:43Z,1,1,Dart,true,true,
kalasjocke,kalasjocke/sinatra-asset-pipeline,2013-01-02T16:42:55Z,256,256,Ruby,true,true,MIT License
beeequeue,beeequeue/arm-server,2019-01-26T22:21:43Z,96,96,TypeScript,false,false,GNU Affero General Public License v3.0
nikreiman,nikreiman/git-sh,2013-07-05T11:06:39Z,0,0,Shell,true,true,GNU General Public License v2.0
EmilStenstrom,EmilStenstrom/django-components,2015-06-11T17:23:48Z,1157,1157,Python,false,false,MIT License
sedflix,sedflix/argo-cd,2024-10-23T15:38:24Z,0,0,,true,true,Apache License 2.0
inear,inear/three.js,2017-01-11T08:03:15Z,0,0,JavaScript,true,true,MIT License
jiexiong2016,jiexiong2016/colmap,2024-02-28T15:08:41Z,0,0,,true,false,Other
calleluks,calleluks/rails,2021-02-11T15:01:42Z,0,0,,true,false,MIT License
OmalPerera,OmalPerera/Elit-Cinema,2020-07-28T08:57:07Z,0,0,Objective-C,true,true,MIT License
cabral,cabral/ikigaiaikido,2024-10-28T13:44:56Z,0,0,Python,true,false,
rakibtg,rakibtg/docker-web-gui,2019-08-03T05:06:36Z,275,275,JavaScript,true,true,
ennru,ennru/akka,2015-06-10T09:14:47Z,0,0,Scala,true,false,Apache License 2.0
KTH,KTH/kurs-pm-data-admin-web,2019-11-19T13:32:49Z,5,5,JavaScript,true,true,MIT License
gabrielPeart,gabrielPeart/how-to-compile-your-language,2024-07-29T08:53:17Z,0,0,,true,false,
mariorodeghiero,mariorodeghiero/microfrontend-architecture-experiment,2024-06-04T19:01:47Z,0,0,JavaScript,true,true,MIT License
murilopolese,murilopolese/micropython_webserial,2024-06-20T08:35:35Z,0,0,JavaScript,false,false,
VZout,VZout/oidn-rs,2024-04-06T14:24:05Z,0,0,,true,true,MIT License
jimdowling,jimdowling/hdfs-native,2024-10-18T10:33:13Z,0,0,Rust,true,true,Apache License 2.0
beshrkayali,beshrkayali/volumio-plugins-sources,2023-09-02T04:42:11Z,0,0,,true,true,
toxinu,toxinu/toxinu.github.io,2016-12-26T15:28:23Z,0,0,HTML,false,false,
koslib,koslib/terraform-provider-planetscale,2023-02-05T22:13:15Z,7,7,Go,true,false,MIT License
MohammadKarimi23,MohammadKarimi23/dotfiles,2019-04-30T20:13:32Z,1,1,Vim script,true,true,
joakimbeng,joakimbeng/kebab-case,2015-12-28T16:52:32Z,23,23,JavaScript,true,true,MIT License
thiagokimo,thiagokimo/nix-config,2024-07-29T05:33:58Z,0,0,Nix,true,true,MIT License
oalsing,oalsing/oalsing,2024-03-11T10:01:46Z,0,0,,true,true,
djui,djui/await,2022-05-06T12:16:56Z,0,0,Go,true,false,
linhduongtuan,linhduongtuan/compare_perf_img_reading,2024-10-23T11:18:27Z,0,0,Python,true,true,
epatel,epatel/freshchat-flutter-sdk,2024-08-21T14:39:33Z,0,0,,true,true,Other
CelikCebrail,CelikCebrail/Login,2024-01-23T19:44:31Z,2,2,HTML,true,true,
jakobmattsson,jakobmattsson/manikin-mongodb,2012-06-18T15:56:15Z,0,0,CoffeeScript,true,true,MIT License
zvonicek,zvonicek/ImageSlideshow,2015-09-01T20:38:29Z,1779,1779,Swift,true,false,MIT License
ogenstad,ogenstad/bare,2023-04-21T06:59:06Z,0,0,,true,true,
hemangshah,hemangshah/ClapsView,2017-08-20T06:52:01Z,30,30,Swift,true,true,MIT License
thinkverse,thinkverse/statamic-cms,2024-10-20T19:13:31Z,0,0,,true,false,Other
niklasekstrom,niklasekstrom/a314,2019-03-19T23:08:01Z,255,255,C,true,true,Creative Commons Zero v1.0 Universal
powercode,powercode/PowerShell,2016-09-20T07:35:32Z,1,1,C#,true,false,MIT License
danielgustafsson,danielgustafsson/pgci,2021-08-19T09:32:17Z,1,1,C,true,true,Other
mikaelkaron,mikaelkaron/bankid4keycloak,2024-10-31T09:28:02Z,0,0,,true,true,Apache License 2.0
cagdass,cagdass/hackerrank-regex-challenges,2017-01-01T10:40:01Z,12,12,,true,true,
Snuffleupagus,Snuffleupagus/pdf.js,2018-05-16T11:47:30Z,6,6,JavaScript,true,true,Apache License 2.0
lorainegarutti,lorainegarutti/ServeRest-front,2022-07-03T03:07:46Z,0,0,JavaScript,true,true,
eandre,eandre/encore,2021-04-21T11:49:07Z,0,0,Go,true,true,Mozilla Public License 2.0
logicalclocks,logicalclocks/hopsworks-api,2021-11-13T07:21:45Z,8,8,Python,true,true,Apache License 2.0
inoerp,inoerp/icharts,2023-01-21T14:16:40Z,0,0,Dart,true,false,Apache License 2.0
numbata,numbata/reindexer-ruby,2021-05-01T16:58:50Z,1,1,Ruby,false,true,Other
mengstr,mengstr/Digital,2021-04-09T07:27:49Z,0,0,Java,true,true,GNU General Public License v3.0
Sajjon,Sajjon/hdpath,2024-10-18T14:44:31Z,0,0,Rust,true,true,
jeffersongirao,jeffersongirao/capacitor,2024-10-02T14:33:22Z,0,0,,true,true,Apache License 2.0
TimonPost,TimonPost/TimonPost,2021-06-10T14:04:14Z,0,0,,true,true,
willianpaixao,willianpaixao/willianpaixao,2015-03-17T19:57:47Z,1,1,,false,false,
iffyio,iffyio/iffyio.github.io,2015-08-25T15:45:13Z,1,1,JavaScript,true,true,GNU General Public License v2.0
wiledal,wiledal/react-three-rapier-test,2024-09-19T19:03:52Z,0,0,TypeScript,true,true,MIT License
erickguan,erickguan/rpush,2024-10-30T15:18:42Z,0,0,,true,true,MIT License
amadeu01,amadeu01/lvdt,2024-10-13T00:43:35Z,0,0,Rust,true,true,
hannseman,hannseman/git-hooks.nix,2024-04-28T19:00:46Z,0,0,Nix,true,true,Apache License 2.0
BullishVince,BullishVince/vscode-tweeter,2024-10-11T20:16:44Z,0,0,TypeScript,true,true,MIT License
mridgers,mridgers/clink,2014-01-02T21:19:11Z,3215,3215,C,true,false,GNU General Public License v3.0
volkansahin45,volkansahin45/Pray-Times,2021-08-24T14:28:45Z,9,9,Kotlin,true,true,
fhqvst,fhqvst/avanza,2016-07-24T21:25:38Z,228,228,JavaScript,true,true,MIT License
